Helsinki-NLP/opus-mt-zh-en,512,None,3141840
t5-base,300,None,1736544
Helsinki-NLP/opus-mt-en-de,512,None,749228
Helsinki-NLP/opus-mt-en-ROMANCE,512,None,599267
t5-small,300,None,592793
Helsinki-NLP/opus-mt-ar-en,512,None,196033
Helsinki-NLP/opus-mt-de-en,512,None,129923
Helsinki-NLP/opus-mt-es-en,512,None,111028
Helsinki-NLP/opus-mt-ROMANCE-en,512,None,92987
Helsinki-NLP/opus-mt-fr-en,512,None,91552
t5-large,300,None,86685
facebook/mbart-large-en-ro,1024,None,60718
Helsinki-NLP/opus-mt-ru-en,512,None,57630
facebook/mbart-large-cc25,1024,None,54778
t5-3b,300,None,38587
Helsinki-NLP/opus-mt-fi-en,512,None,33903
Helsinki-NLP/opus-mt-en-es,512,None,30917
Helsinki-NLP/opus-mt-sv-en,512,None,26774
Helsinki-NLP/opus-mt-it-en,512,None,26474
Helsinki-NLP/opus-mt-pl-en,512,None,25967
Helsinki-NLP/opus-mt-en-fr,512,None,22544
Helsinki-NLP/opus-mt-et-en,512,None,22277
Helsinki-NLP/opus-mt-nl-en,512,None,21958
Helsinki-NLP/opus-mt-en-ru,512,None,20645
Helsinki-NLP/opus-mt-da-en,512,None,19653
Helsinki-NLP/opus-mt-en-zh,512,None,14717
Helsinki-NLP/opus-mt-bat-en,512,None,13792
Helsinki-NLP/opus-mt-id-en,512,None,13097
Helsinki-NLP/opus-mt-uk-ru,512,None,12765
Helsinki-NLP/opus-mt-en-ro,512,None,10262
Helsinki-NLP/opus-mt-lv-en,512,None,9591
Helsinki-NLP/opus-mt-en-cs,512,None,9506
Helsinki-NLP/opus-mt-ja-en,512,None,8030
Helsinki-NLP/opus-mt-bg-it,512,None,7190
Helsinki-NLP/opus-mt-en-it,512,None,6064
Helsinki-NLP/opus-mt-en-nl,512,None,5678
t5-11b,300,None,5169
Helsinki-NLP/opus-mt-tr-en,512,None,4689
Helsinki-NLP/opus-mt-no-da,512,None,4162
Helsinki-NLP/opus-mt-cs-en,512,None,4143
Helsinki-NLP/opus-mt-mul-en,512,None,4070
Helsinki-NLP/opus-mt-vi-en,512,None,3478
Helsinki-NLP/opus-mt-hi-en,512,None,3435
Helsinki-NLP/opus-mt-th-en,512,None,3190
Helsinki-NLP/opus-mt-en-fi,512,None,2937
Helsinki-NLP/opus-mt-ur-en,512,None,2569
tiedeman/opus-mt-he-en,512,None,2462
Helsinki-NLP/opus-mt-en-et,512,None,2419
Helsinki-NLP/opus-mt-ko-en,512,None,2330
Helsinki-NLP/opus-mt-en-ar,512,None,2145
Helsinki-NLP/opus-mt-uk-en,512,None,2128
Helsinki-NLP/opus-mt-bg-en,512,None,2074
Helsinki-NLP/opus-mt-ar-fr,512,None,1469
Helsinki-NLP/opus-mt-ca-en,512,None,1467
Helsinki-NLP/opus-mt-ml-en,512,None,1465
Helsinki-NLP/opus-mt-ka-en,512,None,1462
Helsinki-NLP/opus-mt-az-en,512,None,1411
Helsinki-NLP/opus-mt-en-hi,512,None,1346
Helsinki-NLP/opus-mt-hu-en,512,None,1274
Helsinki-NLP/opus-mt-sk-en,512,None,1230
Helsinki-NLP/opus-mt-hy-en,512,None,1169
Helsinki-NLP/opus-mt-it-es,512,None,1149
Helsinki-NLP/opus-mt-mr-en,512,None,1070
google/bert2bert_L-24_wmt_de_en,128,None,937
Helsinki-NLP/opus-mt-mt-en,512,None,924
Helsinki-NLP/opus-mt-sq-en,512,None,870
Helsinki-NLP/opus-mt-bn-en,512,None,798
Helsinki-NLP/opus-mt-es-de,512,None,723
Helsinki-NLP/opus-mt-ru-uk,512,None,718
Helsinki-NLP/opus-mt-fr-de,512,None,684
salesken/translation-hi-en,512,None,671
Helsinki-NLP/opus-mt-de-fr,512,None,668
Helsinki-NLP/opus-mt-en-roa,512,None,644
Helsinki-NLP/opus-mt-de-es,512,None,636
Helsinki-NLP/opus-mt-en-sk,512,None,565
Helsinki-NLP/opus-mt-en-vi,512,None,558
Helsinki-NLP/opus-mt-en-jap,512,None,538
Helsinki-NLP/opus-mt-ha-en,512,None,513
Helsinki-NLP/opus-mt-en-sv,512,None,504
Helsinki-NLP/opus-mt-eo-en,512,None,501
Helsinki-NLP/opus-mt-roa-en,512,None,484
Helsinki-NLP/opus-mt-mk-en,512,None,483
Helsinki-NLP/opus-mt-el-fr,512,None,430
Helsinki-NLP/opus-mt-fr-el,512,None,417
Helsinki-NLP/opus-mt-ca-es,512,None,410
Helsinki-NLP/opus-mt-en-mul,512,None,395
Helsinki-NLP/opus-mt-eu-en,512,None,389
Helsinki-NLP/opus-mt-zh-de,512,None,384
Helsinki-NLP/opus-mt-en-id,512,None,378
Helsinki-NLP/opus-mt-swc-en,512,None,373
Helsinki-NLP/opus-mt-grk-en,512,None,355
Helsinki-NLP/opus-mt-tl-en,512,None,352
Helsinki-NLP/opus-mt-gem-en,512,None,351
liam168/trans-opus-mt-en-zh,512,None,350
Helsinki-NLP/opus-mt-ru-fr,512,None,342
Helsinki-NLP/opus-mt-pa-en,512,None,327
Helsinki-NLP/opus-mt-fr-es,512,None,321
Helsinki-NLP/opus-tatoeba-en-ja,512,None,316
Helsinki-NLP/opus-mt-es-fr,512,None,306
Helsinki-NLP/opus-mt-yo-en,512,None,303
Helsinki-NLP/opus-mt-af-en,512,None,298
Helsinki-NLP/opus-mt-it-de,512,None,297
Helsinki-NLP/opus-mt-en-da,512,None,283
ken11/mbart-ja-en,1024,None,272
Helsinki-NLP/opus-mt-de-ZH,512,None,268
Helsinki-NLP/opus-mt-en-el,512,None,263
Helsinki-NLP/opus-mt-es-ca,512,None,259
Helsinki-NLP/opus-mt-gl-en,512,None,257
Helsinki-NLP/opus-mt-fr-ru,512,None,247
Helsinki-NLP/opus-mt-cy-en,512,None,244
Lalita/marianmt-zh_cn-th,512,None,239
Helsinki-NLP/opus-mt-de-it,512,None,236
Helsinki-NLP/opus-mt-is-en,512,None,236
Helsinki-NLP/opus-mt-en-hu,512,None,235
Helsinki-NLP/opus-mt-en-mk,512,None,234
Helsinki-NLP/opus-mt-en-ur,512,None,232
facebook/wmt21-dense-24-wide-en-x,200,None,220
facebook/wmt21-dense-24-wide-x-en,200,None,194
Helsinki-NLP/opus-mt-en-af,512,None,191
Helsinki-NLP/opus-mt-fj-en,512,None,184
Helsinki-NLP/opus-mt-en-eu,512,None,181
Helsinki-NLP/opus-mt-en-bg,512,None,178
Helsinki-NLP/opus-mt-en-uk,512,None,170
Helsinki-NLP/opus-mt-it-ar,512,None,163
Helsinki-NLP/opus-mt-mh-en,512,None,162
Helsinki-NLP/opus-mt-en-is,512,None,156
Helsinki-NLP/opus-mt-zh-it,512,None,155
liam168/trans-opus-mt-zh-en,512,None,154
Helsinki-NLP/opus-mt-bi-en,512,None,153
Helsinki-NLP/opus-mt-ceb-en,512,None,150
Helsinki-NLP/opus-mt-ga-en,512,None,147
akhooli/mbart-large-cc25-ar-en,1000,None,142
Helsinki-NLP/opus-mt-en-mg,512,None,140
Helsinki-NLP/opus-tatoeba-en-tr,512,None,140
Lalita/marianmt-th-zh_cn,512,None,140
Helsinki-NLP/opus-mt-en-sn,512,None,139
Helsinki-NLP/opus-mt-jap-en,512,None,135
Helsinki-NLP/opus-mt-sm-en,512,None,135
Helsinki-NLP/opus-mt-en-sg,512,None,134
Helsinki-NLP/opus-mt-en-ga,512,None,133
Helsinki-NLP/opus-mt-en-mr,512,None,133
Helsinki-NLP/opus-mt-pt-ca,512,None,133
marefa-nlp/marefa-mt-en-ar,512,None,132
Helsinki-NLP/opus-mt-ht-en,512,None,127
mrm8488/mbart-large-finetuned-opus-en-es-translation,1024,None,127
Helsinki-NLP/opus-mt-NORTH_EU-NORTH_EU,512,None,126
Helsinki-NLP/opus-mt-en-ca,512,None,126
Helsinki-NLP/opus-mt-mg-en,512,None,124
Helsinki-NLP/opus-mt-en-ee,512,None,120
Helsinki-NLP/opus-mt-en-gl,512,None,120
Helsinki-NLP/opus-mt-en-om,512,None,119
Helsinki-NLP/opus-mt-es-it,512,None,118
Helsinki-NLP/opus-mt-sn-en,512,None,118
Helsinki-NLP/opus-mt-en-ha,512,None,117
Helsinki-NLP/opus-mt-en-ng,512,None,117
Helsinki-NLP/opus-mt-en-rw,512,None,117
Helsinki-NLP/opus-mt-en-bi,512,None,116
Helsinki-NLP/opus-mt-pap-en,512,None,115
Helsinki-NLP/opus-mt-en-kg,512,None,113
Helsinki-NLP/opus-mt-en-mh,512,None,113
Helsinki-NLP/opus-mt-en-ml,512,None,113
tommy19970714/translation-japanese,512,None,113
Helsinki-NLP/opus-mt-en-ho,512,None,112
Helsinki-NLP/opus-mt-en-ln,512,None,112
Helsinki-NLP/opus-mt-en-mt,512,None,112
Helsinki-NLP/opus-mt-gv-en,512,None,112
Helsinki-NLP/opus-mt-en-cy,512,None,111
Helsinki-NLP/opus-mt-en-az,512,None,110
Helsinki-NLP/opus-mt-en-ig,512,None,110
Helsinki-NLP/opus-mt-lg-en,512,None,109
Helsinki-NLP/opus-mt-lu-en,512,None,109
Helsinki-NLP/opus-mt-en-ht,512,None,108
Helsinki-NLP/opus-mt-en-sw,512,None,107
Helsinki-NLP/opus-mt-it-fr,512,None,107
Helsinki-NLP/opus-mt-ln-en,512,None,107
Helsinki-NLP/opus-mt-en-hy,512,None,106
Helsinki-NLP/opus-mt-en-lg,512,None,106
Helsinki-NLP/opus-mt-ig-en,512,None,106
Helsinki-NLP/opus-mt-ee-en,512,None,105
Helsinki-NLP/opus-mt-en-fj,512,None,105
Helsinki-NLP/opus-mt-en-grk,512,None,105
Helsinki-NLP/opus-mt-es-ru,512,None,105
Helsinki-NLP/opus-mt-en-gv,512,None,104
Helsinki-NLP/opus-mt-en-lu,512,None,103
Helsinki-NLP/opus-mt-en-st,512,None,103
Helsinki-NLP/opus-mt-th-fr,512,None,103
Helsinki-NLP/opus-mt-ar-ru,512,None,102
Helsinki-NLP/opus-mt-en-kj,512,None,102
Helsinki-NLP/opus-mt-ho-en,512,None,102
Helsinki-NLP/opus-mt-om-en,512,None,102
Helsinki-NLP/opus-mt-en-ny,512,None,101
Helsinki-NLP/opus-mt-kg-en,512,None,101
Helsinki-NLP/opus-mt-sg-en,512,None,101
Helsinki-NLP/opus-mt-rw-en,512,None,100
Helsinki-NLP/opus-mt-ss-en,512,None,100
Helsinki-NLP/opus-mt-en-ss,512,None,99
Helsinki-NLP/opus-mt-en-ti,512,None,99
Helsinki-NLP/opus-mt-st-en,512,None,98
Helsinki-NLP/opus-mt-en-sq,512,None,97
Helsinki-NLP/opus-mt-en-xh,512,None,97
Helsinki-NLP/opus-mt-ny-en,512,None,97
Helsinki-NLP/opus-mt-ti-en,512,None,97
Helsinki-NLP/opus-mt-en-trk,512,None,96
Helsinki-NLP/opus-mt-fi-el,512,None,96
Helsinki-NLP/opus-mt-el-fi,512,None,95
Helsinki-NLP/opus-mt-ng-en,512,None,95
Helsinki-NLP/opus-mt-xh-en,512,None,95
Helsinki-NLP/opus-mt-sla-sla,512,None,94
Helsinki-NLP/opus-mt-en-sm,512,None,93
Helsinki-NLP/opus-mt-kj-en,512,None,93
Helsinki-NLP/opus-mt-ru-ar,512,None,93
gsarti/opus-tatoeba-eng-pol,512,None,93
Helsinki-NLP/opus-mt-en-tn,512,None,92
Helsinki-NLP/opus-mt-rn-en,512,None,92
Helsinki-NLP/opus-mt-de-pl,512,None,91
Helsinki-NLP/opus-mt-en-rn,512,None,89
Helsinki-NLP/opus-mt-en-ts,512,None,89
Helsinki-NLP/opus-mt-en-tl,512,None,88
Helsinki-NLP/opus-mt-en-to,512,None,88
Helsinki-NLP/opus-mt-ts-en,512,None,86
Helsinki-NLP/opus-mt-to-en,512,None,84
Helsinki-NLP/opus-mt-en-he,512,None,80
Helsinki-NLP/opus-mt-fr-ro,512,None,79
Helsinki-NLP/opus-mt-ru-es,512,None,78
akhooli/mbart-large-cc25-en-ar,1000,None,76
Helsinki-NLP/opus-mt-en-tw,512,None,75
Helsinki-NLP/opus-mt-tn-en,512,None,75
Helsinki-NLP/opus-mt-de-cs,512,None,74
Helsinki-NLP/opus-mt-eu-es,512,None,74
Helsinki-NLP/opus-mt-ine-en,512,None,74
Helsinki-NLP/opus-mt-sla-en,512,None,73
Helsinki-NLP/opus-mt-es-ar,512,None,72
Helsinki-NLP/opus-mt-sv-sv,512,None,72
Helsinki-NLP/opus-mt-es-ro,512,None,69
Helsinki-NLP/opus-mt-pl-de,512,None,69
Helsinki-NLP/opus-mt-vi-it,512,None,69
mrm8488/mbart-large-finetuned-opus-es-en-translation,1024,None,67
mrm8488/mbart-large-finetuned-opus-it-en-translation,1024,None,67
Helsinki-NLP/opus-mt-bzs-en,512,None,65
google/bert2bert_L-24_wmt_en_de,128,None,65
Helsinki-NLP/opus-mt-cs-fr,512,None,64
Helsinki-NLP/opus-mt-en-zlw,512,None,64
Helsinki-NLP/opus-mt-es-es,512,None,64
Helsinki-NLP/opus-mt-kl-en,512,None,64
Helsinki-NLP/opus-mt-en-dra,512,None,61
tiedeman/opus-mt-en-he,512,None,60
Helsinki-NLP/opus-mt-et-de,512,None,59
Helsinki-NLP/opus-mt-ar-es,512,None,58
Helsinki-NLP/opus-mt-ilo-en,512,None,58
raynardj/wenyanwen-chinese-translate-to-ancient,20,None,58
Helsinki-NLP/opus-mt-de-ar,512,None,57
Helsinki-NLP/opus-mt-war-en,512,None,55
Helsinki-NLP/opus-mt-de-is,512,None,54
Helsinki-NLP/opus-mt-id-fr,512,None,54
Helsinki-NLP/opus-mt-ar-de,512,None,53
Helsinki-NLP/opus-mt-de-he,512,None,53
Helsinki-NLP/opus-mt-pl-es,512,None,53
Helsinki-NLP/opus-mt-pl-fr,512,None,52
Helsinki-NLP/opus-mt-sl-ru,512,None,52
Helsinki-NLP/opus-mt-tr-es,512,None,51
Helsinki-NLP/opus-mt-eo-de,512,None,50
Helsinki-NLP/opus-mt-es-id,512,None,50
Helsinki-NLP/opus-mt-fr-pl,512,None,50
Helsinki-NLP/opus-mt-id-es,512,None,50
Helsinki-NLP/opus-mt-ro-fr,512,None,50
anzorq/t5-v1_1-small-ru_kbd-cased,512,None,50
raynardj/wenyanwen-ancient-translate-to-modern,20,None,50
Helsinki-NLP/opus-mt-es-af,512,None,49
Helsinki-NLP/opus-mt-fi-de,512,None,49
Helsinki-NLP/opus-mt-fr-ar,512,None,49
Helsinki-NLP/opus-mt-inc-inc,512,None,49
Helsinki-NLP/opus-mt-nl-fr,512,None,49
Helsinki-NLP/opus-mt-da-es,512,None,48
Helsinki-NLP/opus-mt-es-is,512,None,48
Helsinki-NLP/opus-mt-es-pl,512,None,48
Helsinki-NLP/opus-mt-fi-es,512,None,48
Helsinki-NLP/opus-mt-afa-en,512,None,47
Helsinki-NLP/opus-mt-no-no,512,None,47
Helsinki-NLP/opus-mt-sv-fr,512,None,47
Helsinki-NLP/opus-mt-de-de,512,None,46
Helsinki-NLP/opus-mt-es-gl,512,None,46
Helsinki-NLP/opus-mt-es-mk,512,None,46
Helsinki-NLP/opus-mt-et-es,512,None,46
Helsinki-NLP/opus-mt-iir-en,512,None,46
Helsinki-NLP/opus-mt-kab-en,512,None,46
Helsinki-NLP/opus-mt-nl-es,512,None,46
Helsinki-NLP/opus-mt-sv-eo,512,None,46
Helsinki-NLP/opus-mt-sv-es,512,None,46
Helsinki-NLP/opus-mt-bg-fr,512,None,45
Helsinki-NLP/opus-mt-ca-fr,512,None,45
Helsinki-NLP/opus-mt-de-no,512,None,45
Helsinki-NLP/opus-mt-en-ine,512,None,45
Helsinki-NLP/opus-mt-es-sl,512,None,45
Helsinki-NLP/opus-mt-gmq-gmq,512,None,45
Helsinki-NLP/opus-tatoeba-es-zh,512,None,45
Helsinki-NLP/opus-mt-cs-de,512,None,44
Helsinki-NLP/opus-mt-es-bg,512,None,44
Helsinki-NLP/opus-mt-ja-es,512,None,44
Helsinki-NLP/opus-mt-ja-fr,512,None,44
Helsinki-NLP/opus-mt-uk-fr,512,None,44
Helsinki-NLP/opus-mt-en-ty,512,None,43
Helsinki-NLP/opus-mt-es-cs,512,None,43
Helsinki-NLP/opus-mt-guw-de,512,None,43
Helsinki-NLP/opus-mt-is-es,512,None,43
Helsinki-NLP/opus-mt-lu-fi,512,None,43
Helsinki-NLP/opus-mt-ca-de,512,None,42
Helsinki-NLP/opus-mt-el-sv,512,None,42
Helsinki-NLP/opus-mt-en-eo,512,None,42
Helsinki-NLP/opus-mt-es-prl,512,None,42
Helsinki-NLP/opus-mt-gl-es,512,None,42
Helsinki-NLP/opus-mt-lua-en,512,None,42
Helsinki-NLP/opus-mt-sk-fr,512,None,42
Helsinki-NLP/opus-mt-sv-tpi,512,None,42
Helsinki-NLP/opus-mt-tum-sv,512,None,42
Helsinki-NLP/opus-mt-zls-en,512,None,42
Helsinki-NLP/opus-mt-en-chk,512,None,41
Helsinki-NLP/opus-mt-eo-sv,512,None,41
Helsinki-NLP/opus-mt-es-vi,512,None,41
Helsinki-NLP/opus-mt-es-zai,512,None,41
Helsinki-NLP/opus-mt-lt-es,512,None,41
Helsinki-NLP/opus-mt-nso-de,512,None,41
Helsinki-NLP/opus-mt-pis-es,512,None,41
Helsinki-NLP/opus-mt-sl-es,512,None,41
Helsinki-NLP/opus-mt-uk-es,512,None,41
Helsinki-NLP/opus-mt-aed-es,512,None,40
Helsinki-NLP/opus-mt-en-itc,512,None,40
Helsinki-NLP/opus-mt-es-lua,512,None,40
Helsinki-NLP/opus-mt-es-ty,512,None,40
Helsinki-NLP/opus-mt-es-yua,512,None,40
Helsinki-NLP/opus-mt-et-fr,512,None,40
Helsinki-NLP/opus-mt-fi-lv,512,None,40
Helsinki-NLP/opus-mt-fi-sq,512,None,40
Helsinki-NLP/opus-mt-fr-gil,512,None,40
Helsinki-NLP/opus-mt-fr-zne,512,None,40
Helsinki-NLP/opus-mt-sem-sem,512,None,40
Helsinki-NLP/opus-mt-wls-fr,512,None,40
Helsinki-NLP/opus-mt-am-sv,512,None,39
Helsinki-NLP/opus-mt-ase-es,512,None,39
Helsinki-NLP/opus-mt-ceb-fr,512,None,39
Helsinki-NLP/opus-mt-de-da,512,None,39
Helsinki-NLP/opus-mt-es-bcl,512,None,39
Helsinki-NLP/opus-mt-fi-ru,512,None,39
Helsinki-NLP/opus-mt-fi-sv,512,None,39
Helsinki-NLP/opus-mt-fi-tw,512,None,39
Helsinki-NLP/opus-mt-fr-sk,512,None,39
Helsinki-NLP/opus-mt-ja-de,512,None,39
Helsinki-NLP/opus-mt-no-de,512,None,39
Helsinki-NLP/opus-mt-sv-sl,512,None,39
Helsinki-NLP/opus-mt-sv-tvl,512,None,39
Helsinki-NLP/opus-mt-zne-sv,512,None,39
baffo32/t5-base-ptmap,300,None,39
Helsinki-NLP/opus-mt-ar-pl,512,None,38
Helsinki-NLP/opus-mt-ceb-fi,512,None,38
Helsinki-NLP/opus-mt-cpp-en,512,None,38
Helsinki-NLP/opus-mt-en-bcl,512,None,38
Helsinki-NLP/opus-mt-en-luo,512,None,38
Helsinki-NLP/opus-mt-en-niu,512,None,38
Helsinki-NLP/opus-mt-en-nyk,512,None,38
Helsinki-NLP/opus-mt-en-rnd,512,None,38
Helsinki-NLP/opus-mt-es-aed,512,None,38
Helsinki-NLP/opus-mt-es-bzs,512,None,38
Helsinki-NLP/opus-mt-es-eu,512,None,38
Helsinki-NLP/opus-mt-es-uk,512,None,38
Helsinki-NLP/opus-mt-es-wls,512,None,38
Helsinki-NLP/opus-mt-fi-it,512,None,38
Helsinki-NLP/opus-mt-fr-lue,512,None,38
Helsinki-NLP/opus-mt-fr-wls,512,None,38
Helsinki-NLP/opus-mt-kwy-fr,512,None,38
Helsinki-NLP/opus-mt-lue-sv,512,None,38
Helsinki-NLP/opus-mt-ru-fi,512,None,38
Helsinki-NLP/opus-mt-run-sv,512,None,38
Helsinki-NLP/opus-mt-ssp-es,512,None,38
Helsinki-NLP/opus-mt-tzo-es,512,None,38
Narrativa/mbart-large-50-finetuned-opus-en-pt-translation,200,None,38
Helsinki-NLP/opus-mt-bg-es,512,None,37
Helsinki-NLP/opus-mt-de-gaa,512,None,37
Helsinki-NLP/opus-mt-en-bem,512,None,37
Helsinki-NLP/opus-mt-en-ber,512,None,37
Helsinki-NLP/opus-mt-en-ilo,512,None,37
Helsinki-NLP/opus-mt-en-pag,512,None,37
Helsinki-NLP/opus-mt-en-tll,512,None,37
Helsinki-NLP/opus-mt-en-umb,512,None,37
Helsinki-NLP/opus-mt-en-urj,512,None,37
Helsinki-NLP/opus-mt-es-ln,512,None,37
Helsinki-NLP/opus-mt-es-war,512,None,37
Helsinki-NLP/opus-mt-fi-et,512,None,37
Helsinki-NLP/opus-mt-fi-fr,512,None,37
Helsinki-NLP/opus-mt-fi-is,512,None,37
Helsinki-NLP/opus-mt-fi-ln,512,None,37
Helsinki-NLP/opus-mt-fi-wls,512,None,37
Helsinki-NLP/opus-mt-fr-ee,512,None,37
Helsinki-NLP/opus-mt-fr-sv,512,None,37
Helsinki-NLP/opus-mt-gaa-fr,512,None,37
Helsinki-NLP/opus-mt-hr-fr,512,None,37
Helsinki-NLP/opus-mt-mg-es,512,None,37
Helsinki-NLP/opus-mt-sv-th,512,None,37
Helsinki-NLP/opus-mt-dra-en,512,None,36
Helsinki-NLP/opus-mt-en-bnt,512,None,36
Helsinki-NLP/opus-mt-en-hil,512,None,36
Helsinki-NLP/opus-mt-en-kwn,512,None,36
Helsinki-NLP/opus-mt-en-lua,512,None,36
Helsinki-NLP/opus-mt-en-pap,512,None,36
Helsinki-NLP/opus-mt-en-run,512,None,36
Helsinki-NLP/opus-mt-es-bi,512,None,36
Helsinki-NLP/opus-mt-es-pon,512,None,36
Helsinki-NLP/opus-mt-es-xh,512,None,36
Helsinki-NLP/opus-mt-fi-cs,512,None,36
Helsinki-NLP/opus-mt-fi-ho,512,None,36
Helsinki-NLP/opus-mt-fi-mg,512,None,36
Helsinki-NLP/opus-mt-fi-yap,512,None,36
Helsinki-NLP/opus-mt-fr-ht,512,None,36
Helsinki-NLP/opus-mt-fr-sl,512,None,36
Helsinki-NLP/opus-mt-fr-sm,512,None,36
Helsinki-NLP/opus-mt-fr-sn,512,None,36
Helsinki-NLP/opus-mt-fr-uk,512,None,36
Helsinki-NLP/opus-mt-fr-xh,512,None,36
Helsinki-NLP/opus-mt-fr-yo,512,None,36
Helsinki-NLP/opus-mt-guw-sv,512,None,36
Helsinki-NLP/opus-mt-kqn-en,512,None,36
Helsinki-NLP/opus-mt-kqn-sv,512,None,36
Helsinki-NLP/opus-mt-ln-de,512,None,36
Helsinki-NLP/opus-mt-lu-es,512,None,36
Helsinki-NLP/opus-mt-no-es,512,None,36
Helsinki-NLP/opus-mt-pl-sv,512,None,36
Helsinki-NLP/opus-mt-sl-fr,512,None,36
Helsinki-NLP/opus-mt-af-es,512,None,35
Helsinki-NLP/opus-mt-cau-en,512,None,35
Helsinki-NLP/opus-mt-da-fr,512,None,35
Helsinki-NLP/opus-mt-de-hr,512,None,35
Helsinki-NLP/opus-mt-de-vi,512,None,35
Helsinki-NLP/opus-mt-ee-fi,512,None,35
Helsinki-NLP/opus-mt-efi-de,512,None,35
Helsinki-NLP/opus-mt-en-bzs,512,None,35
Helsinki-NLP/opus-mt-en-ceb,512,None,35
Helsinki-NLP/opus-mt-en-kqn,512,None,35
Helsinki-NLP/opus-mt-en-swc,512,None,35
Helsinki-NLP/opus-mt-en-tdt,512,None,35
Helsinki-NLP/opus-mt-en-zls,512,None,35
Helsinki-NLP/opus-mt-es-hil,512,None,35
Helsinki-NLP/opus-mt-fi-id,512,None,35
Helsinki-NLP/opus-mt-fr-ca,512,None,35
Helsinki-NLP/opus-mt-fr-niu,512,None,35
Helsinki-NLP/opus-mt-fr-srn,512,None,35
Helsinki-NLP/opus-mt-fr-swc,512,None,35
Helsinki-NLP/opus-mt-fr-yap,512,None,35
Helsinki-NLP/opus-mt-gem-gem,512,None,35
Helsinki-NLP/opus-mt-is-de,512,None,35
Helsinki-NLP/opus-mt-ko-es,512,None,35
Helsinki-NLP/opus-mt-lg-fr,512,None,35
Helsinki-NLP/opus-mt-loz-fr,512,None,35
Helsinki-NLP/opus-mt-mfs-es,512,None,35
Helsinki-NLP/opus-mt-pap-de,512,None,35
Helsinki-NLP/opus-mt-sv-yo,512,None,35
Helsinki-NLP/opus-mt-tr-fr,512,None,35
Helsinki-NLP/opus-mt-tum-en,512,None,35
Helsinki-NLP/opus-mt-yo-sv,512,None,35
Helsinki-NLP/opus-mt-bcl-de,512,None,34
Helsinki-NLP/opus-mt-chk-en,512,None,34
Helsinki-NLP/opus-mt-de-et,512,None,34
Helsinki-NLP/opus-mt-de-kg,512,None,34
Helsinki-NLP/opus-mt-de-pag,512,None,34
Helsinki-NLP/opus-mt-en-kwy,512,None,34
Helsinki-NLP/opus-mt-en-pis,512,None,34
Helsinki-NLP/opus-mt-en-toi,512,None,34
Helsinki-NLP/opus-mt-eo-cs,512,None,34
Helsinki-NLP/opus-mt-es-NORWAY,512,None,34
Helsinki-NLP/opus-mt-es-ase,512,None,34
Helsinki-NLP/opus-mt-es-srn,512,None,34
Helsinki-NLP/opus-mt-fr-pis,512,None,34
Helsinki-NLP/opus-mt-fr-run,512,None,34
Helsinki-NLP/opus-mt-iso-fi,512,None,34
Helsinki-NLP/opus-mt-lt-sv,512,None,34
Helsinki-NLP/opus-mt-lue-fi,512,None,34
Helsinki-NLP/opus-mt-lun-en,512,None,34
Helsinki-NLP/opus-mt-mos-en,512,None,34
Helsinki-NLP/opus-mt-nso-es,512,None,34
Helsinki-NLP/opus-mt-pt-uk,512,None,34
Helsinki-NLP/opus-mt-ru-lt,512,None,34
Helsinki-NLP/opus-mt-rw-fr,512,None,34
Helsinki-NLP/opus-mt-sk-es,512,None,34
Helsinki-NLP/opus-mt-sv-el,512,None,34
Helsinki-NLP/opus-mt-tw-es,512,None,34
huggingface-course/marian-finetuned-kde4-en-to-fr,512,None,34
Biniam/en_ti_translate,512,None,33
Helsinki-NLP/opus-mt-bzs-fi,512,None,33
Helsinki-NLP/opus-mt-cpp-cpp,512,None,33
Helsinki-NLP/opus-mt-crs-es,512,None,33
Helsinki-NLP/opus-mt-da-de,512,None,33
Helsinki-NLP/opus-mt-de-nl,512,None,33
Helsinki-NLP/opus-mt-en-efi,512,None,33
Helsinki-NLP/opus-mt-en-sla,512,None,33
Helsinki-NLP/opus-mt-eo-it,512,None,33
Helsinki-NLP/opus-mt-es-efi,512,None,33
Helsinki-NLP/opus-mt-es-lus,512,None,33
Helsinki-NLP/opus-mt-es-pap,512,None,33
Helsinki-NLP/opus-mt-es-tll,512,None,33
Helsinki-NLP/opus-mt-es-tw,512,None,33
Helsinki-NLP/opus-mt-fi-niu,512,None,33
Helsinki-NLP/opus-mt-fi-war,512,None,33
Helsinki-NLP/opus-mt-fr-efi,512,None,33
Helsinki-NLP/opus-mt-fr-eo,512,None,33
Helsinki-NLP/opus-mt-fr-hu,512,None,33
Helsinki-NLP/opus-mt-fr-lu,512,None,33
Helsinki-NLP/opus-mt-fr-mos,512,None,33
Helsinki-NLP/opus-mt-fr-tll,512,None,33
Helsinki-NLP/opus-mt-fr-war,512,None,33
Helsinki-NLP/opus-mt-gaa-de,512,None,33
Helsinki-NLP/opus-mt-he-sv,512,None,33
Helsinki-NLP/opus-mt-itc-itc,512,None,33
Helsinki-NLP/opus-mt-lg-sv,512,None,33
Helsinki-NLP/opus-mt-mh-es,512,None,33
Helsinki-NLP/opus-mt-mt-sv,512,None,33
Helsinki-NLP/opus-mt-niu-es,512,None,33
Helsinki-NLP/opus-mt-niu-fi,512,None,33
Helsinki-NLP/opus-mt-pis-sv,512,None,33
Helsinki-NLP/opus-mt-sl-fi,512,None,33
Helsinki-NLP/opus-mt-sv-cs,512,None,33
Helsinki-NLP/opus-mt-sv-gaa,512,None,33
Helsinki-NLP/opus-mt-sv-sg,512,None,33
Helsinki-NLP/opus-mt-sv-uk,512,None,33
Helsinki-NLP/opus-mt-vi-de,512,None,33
Helsinki-NLP/opus-mt-de-hil,512,None,32
Helsinki-NLP/opus-mt-de-loz,512,None,32
Helsinki-NLP/opus-mt-de-lt,512,None,32
Helsinki-NLP/opus-mt-en-lue,512,None,32
Helsinki-NLP/opus-mt-en-pon,512,None,32
Helsinki-NLP/opus-mt-es-ceb,512,None,32
Helsinki-NLP/opus-mt-es-csg,512,None,32
Helsinki-NLP/opus-mt-es-et,512,None,32
Helsinki-NLP/opus-mt-es-hr,512,None,32
Helsinki-NLP/opus-mt-es-mt,512,None,32
Helsinki-NLP/opus-mt-es-ny,512,None,32
Helsinki-NLP/opus-mt-es-pag,512,None,32
Helsinki-NLP/opus-mt-es-swc,512,None,32
Helsinki-NLP/opus-mt-es-to,512,None,32
Helsinki-NLP/opus-mt-fi-bg,512,None,32
Helsinki-NLP/opus-mt-fi-ee,512,None,32
Helsinki-NLP/opus-mt-fi-fi,512,None,32
Helsinki-NLP/opus-mt-fi-guw,512,None,32
Helsinki-NLP/opus-mt-fi-lua,512,None,32
Helsinki-NLP/opus-mt-fr-ber,512,None,32
Helsinki-NLP/opus-mt-fr-hil,512,None,32
Helsinki-NLP/opus-mt-fr-lua,512,None,32
Helsinki-NLP/opus-mt-gaa-fi,512,None,32
Helsinki-NLP/opus-mt-iso-es,512,None,32
Helsinki-NLP/opus-mt-lua-sv,512,None,32
Helsinki-NLP/opus-mt-mk-es,512,None,32
Helsinki-NLP/opus-mt-mk-fr,512,None,32
Helsinki-NLP/opus-mt-mt-es,512,None,32
Helsinki-NLP/opus-mt-niu-fr,512,None,32
Helsinki-NLP/opus-mt-ny-es,512,None,32
Helsinki-NLP/opus-mt-rnd-sv,512,None,32
Helsinki-NLP/opus-mt-run-en,512,None,32
Helsinki-NLP/opus-mt-sv-bi,512,None,32
Helsinki-NLP/opus-mt-sv-rw,512,None,32
Helsinki-NLP/opus-mt-tiv-fr,512,None,32
Helsinki-NLP/opus-mt-yo-fr,512,None,32
pere/DeUnCaser,128,None,32
pere/nb-nn-translation,512,None,32
Helsinki-NLP/opus-mt-afa-afa,512,None,31
Helsinki-NLP/opus-mt-bem-fr,512,None,31
Helsinki-NLP/opus-mt-ber-fr,512,None,31
Helsinki-NLP/opus-mt-bg-de,512,None,31
Helsinki-NLP/opus-mt-bi-es,512,None,31
Helsinki-NLP/opus-mt-de-bzs,512,None,31
Helsinki-NLP/opus-mt-de-fj,512,None,31
Helsinki-NLP/opus-mt-de-ig,512,None,31
Helsinki-NLP/opus-mt-ee-fr,512,None,31
Helsinki-NLP/opus-mt-efi-en,512,None,31
Helsinki-NLP/opus-mt-en-cel,512,None,31
Helsinki-NLP/opus-mt-en-crs,512,None,31
Helsinki-NLP/opus-mt-en-guw,512,None,31
Helsinki-NLP/opus-mt-es-csn,512,None,31
Helsinki-NLP/opus-mt-es-da,512,None,31
Helsinki-NLP/opus-mt-es-guw,512,None,31
Helsinki-NLP/opus-mt-es-nso,512,None,31
Helsinki-NLP/opus-mt-es-yo,512,None,31
Helsinki-NLP/opus-mt-fi-NORWAY,512,None,31
Helsinki-NLP/opus-mt-fi-gil,512,None,31
Helsinki-NLP/opus-mt-fi-ha,512,None,31
Helsinki-NLP/opus-mt-fr-bzs,512,None,31
Helsinki-NLP/opus-mt-fr-gaa,512,None,31
Helsinki-NLP/opus-mt-fr-hr,512,None,31
Helsinki-NLP/opus-mt-fr-lus,512,None,31
Helsinki-NLP/opus-mt-fr-mh,512,None,31
Helsinki-NLP/opus-mt-fr-pon,512,None,31
Helsinki-NLP/opus-mt-fr-sg,512,None,31
Helsinki-NLP/opus-mt-fr-tvl,512,None,31
Helsinki-NLP/opus-mt-hil-fi,512,None,31
Helsinki-NLP/opus-mt-hr-fi,512,None,31
Helsinki-NLP/opus-mt-ilo-de,512,None,31
Helsinki-NLP/opus-mt-is-fi,512,None,31
Helsinki-NLP/opus-mt-kwy-sv,512,None,31
Helsinki-NLP/opus-mt-lg-fi,512,None,31
Helsinki-NLP/opus-mt-loz-fi,512,None,31
Helsinki-NLP/opus-mt-lua-fr,512,None,31
Helsinki-NLP/opus-mt-mt-fi,512,None,31
Helsinki-NLP/opus-mt-nl-fi,512,None,31
Helsinki-NLP/opus-mt-pon-es,512,None,31
Helsinki-NLP/opus-mt-sv-crs,512,None,31
Helsinki-NLP/opus-mt-sv-sn,512,None,31
Helsinki-NLP/opus-mt-sv-st,512,None,31
Helsinki-NLP/opus-mt-tw-fr,512,None,31
Helsinki-NLP/opus-mt-ty-sv,512,None,31
Helsinki-NLP/opus-mt-uk-sv,512,None,31
Helsinki-NLP/opus-mt-vsl-es,512,None,31
Helsinki-NLP/opus-mt-war-es,512,None,31
Helsinki-NLP/opus-mt-yap-en,512,None,31
Helsinki-NLP/opus-mt-yap-fr,512,None,31
Helsinki-NLP/opus-mt-yo-es,512,None,31
Helsinki-NLP/opus-mt-af-de,512,None,30
Helsinki-NLP/opus-mt-ase-en,512,None,30
Helsinki-NLP/opus-mt-cus-en,512,None,30
Helsinki-NLP/opus-mt-de-af,512,None,30
Helsinki-NLP/opus-mt-de-ee,512,None,30
Helsinki-NLP/opus-mt-de-ha,512,None,30
Helsinki-NLP/opus-mt-efi-fi,512,None,30
Helsinki-NLP/opus-mt-en-gem,512,None,30
Helsinki-NLP/opus-mt-en-iso,512,None,30
Helsinki-NLP/opus-mt-en-nso,512,None,30
Helsinki-NLP/opus-mt-en-tpi,512,None,30
Helsinki-NLP/opus-mt-es-eo,512,None,30
Helsinki-NLP/opus-mt-es-iso,512,None,30
Helsinki-NLP/opus-mt-es-mfs,512,None,30
Helsinki-NLP/opus-mt-es-pis,512,None,30
Helsinki-NLP/opus-mt-et-fi,512,None,30
Helsinki-NLP/opus-mt-fi-hil,512,None,30
Helsinki-NLP/opus-mt-fi-kg,512,None,30
Helsinki-NLP/opus-mt-fi-mfe,512,None,30
Helsinki-NLP/opus-mt-fi-nso,512,None,30
Helsinki-NLP/opus-mt-fi-sl,512,None,30
Helsinki-NLP/opus-mt-fi-st,512,None,30
Helsinki-NLP/opus-mt-fi-tpi,512,None,30
Helsinki-NLP/opus-mt-fr-fj,512,None,30
Helsinki-NLP/opus-mt-fr-ha,512,None,30
Helsinki-NLP/opus-mt-fr-tum,512,None,30
Helsinki-NLP/opus-mt-gil-fr,512,None,30
Helsinki-NLP/opus-mt-hi-ur,512,None,30
Helsinki-NLP/opus-mt-id-fi,512,None,30
Helsinki-NLP/opus-mt-ko-fi,512,None,30
Helsinki-NLP/opus-mt-lu-sv,512,None,30
Helsinki-NLP/opus-mt-niu-de,512,None,30
Helsinki-NLP/opus-mt-niu-sv,512,None,30
Helsinki-NLP/opus-mt-pap-es,512,None,30
Helsinki-NLP/opus-mt-pis-en,512,None,30
Helsinki-NLP/opus-mt-pon-en,512,None,30
Helsinki-NLP/opus-mt-ru-eo,512,None,30
Helsinki-NLP/opus-mt-ru-vi,512,None,30
Helsinki-NLP/opus-mt-sq-sv,512,None,30
Helsinki-NLP/opus-mt-sv-ht,512,None,30
Helsinki-NLP/opus-mt-sv-ig,512,None,30
Helsinki-NLP/opus-mt-sv-ro,512,None,30
Helsinki-NLP/opus-mt-sv-sq,512,None,30
Helsinki-NLP/opus-mt-sv-toi,512,None,30
Helsinki-NLP/opus-mt-tll-fr,512,None,30
Helsinki-NLP/opus-mt-tpi-en,512,None,30
Helsinki-NLP/opus-mt-tr-ar,512,None,30
Helsinki-NLP/opus-mt-uk-fi,512,None,30
Helsinki-NLP/opus-mt-war-fr,512,None,30
Helsinki-NLP/opus-mt-wls-sv,512,None,30
Helsinki-NLP/opus-mt-zne-fi,512,None,30
Helsinki-NLP/opus-mt-ar-eo,512,None,29
Helsinki-NLP/opus-mt-cs-fi,512,None,29
Helsinki-NLP/opus-mt-de-efi,512,None,29
Helsinki-NLP/opus-mt-de-fi,512,None,29
Helsinki-NLP/opus-mt-de-guw,512,None,29
Helsinki-NLP/opus-mt-de-ln,512,None,29
Helsinki-NLP/opus-mt-en-gaa,512,None,29
Helsinki-NLP/opus-mt-en-gmq,512,None,29
Helsinki-NLP/opus-mt-en-lun,512,None,29
Helsinki-NLP/opus-mt-en-mos,512,None,29
Helsinki-NLP/opus-mt-en-sem,512,None,29
Helsinki-NLP/opus-mt-eo-fr,512,None,29
Helsinki-NLP/opus-mt-es-el,512,None,29
Helsinki-NLP/opus-mt-es-fi,512,None,29
Helsinki-NLP/opus-mt-es-ho,512,None,29
Helsinki-NLP/opus-mt-es-niu,512,None,29
Helsinki-NLP/opus-mt-es-rw,512,None,29
Helsinki-NLP/opus-mt-es-ve,512,None,29
Helsinki-NLP/opus-mt-eu-ru,512,None,29
Helsinki-NLP/opus-mt-fi-bcl,512,None,29
Helsinki-NLP/opus-mt-fi-efi,512,None,29
Helsinki-NLP/opus-mt-fi-kqn,512,None,29
Helsinki-NLP/opus-mt-fi-lg,512,None,29
Helsinki-NLP/opus-mt-fi-lue,512,None,29
Helsinki-NLP/opus-mt-fi-mos,512,None,29
Helsinki-NLP/opus-mt-fi-rw,512,None,29
Helsinki-NLP/opus-mt-fi-to,512,None,29
Helsinki-NLP/opus-mt-fi-xh,512,None,29
Helsinki-NLP/opus-mt-fi-yo,512,None,29
Helsinki-NLP/opus-mt-fr-bem,512,None,29
Helsinki-NLP/opus-mt-fr-iso,512,None,29
Helsinki-NLP/opus-mt-fr-ln,512,None,29
Helsinki-NLP/opus-mt-fr-pap,512,None,29
Helsinki-NLP/opus-mt-fse-fi,512,None,29
Helsinki-NLP/opus-mt-gaa-es,512,None,29
Helsinki-NLP/opus-mt-gaa-sv,512,None,29
Helsinki-NLP/opus-mt-gil-es,512,None,29
Helsinki-NLP/opus-mt-guw-en,512,None,29
Helsinki-NLP/opus-mt-hr-es,512,None,29
Helsinki-NLP/opus-mt-hr-sv,512,None,29
Helsinki-NLP/opus-mt-ht-fi,512,None,29
Helsinki-NLP/opus-mt-ig-de,512,None,29
Helsinki-NLP/opus-mt-iir-iir,512,None,29
Helsinki-NLP/opus-mt-ine-ine,512,None,29
Helsinki-NLP/opus-mt-it-vi,512,None,29
Helsinki-NLP/opus-mt-ln-fr,512,None,29
Helsinki-NLP/opus-mt-lt-de,512,None,29
Helsinki-NLP/opus-mt-lua-es,512,None,29
Helsinki-NLP/opus-mt-lue-fr,512,None,29
Helsinki-NLP/opus-mt-lus-en,512,None,29
Helsinki-NLP/opus-mt-mk-fi,512,None,29
Helsinki-NLP/opus-mt-ro-sv,512,None,29
Helsinki-NLP/opus-mt-sg-es,512,None,29
Helsinki-NLP/opus-mt-st-fr,512,None,29
Helsinki-NLP/opus-mt-sv-mh,512,None,29
Helsinki-NLP/opus-mt-sv-ru,512,None,29
Helsinki-NLP/opus-mt-sv-run,512,None,29
Helsinki-NLP/opus-mt-sv-tiv,512,None,29
Helsinki-NLP/opus-mt-tum-es,512,None,29
Helsinki-NLP/opus-mt-tum-fr,512,None,29
Helsinki-NLP/opus-mt-vi-es,512,None,29
Helsinki-NLP/opus-mt-zai-es,512,None,29
Helsinki-NLP/opus-mt-zh-uk,512,None,29
Helsinki-NLP/opus-mt-zne-es,512,None,29
mrm8488/mbart-large-finetuned-bible-es-en-translation,1024,None,29
Helsinki-NLP/opus-mt-ar-tr,512,None,28
Helsinki-NLP/opus-mt-crs-sv,512,None,28
Helsinki-NLP/opus-mt-de-ase,512,None,28
Helsinki-NLP/opus-mt-de-gil,512,None,28
Helsinki-NLP/opus-mt-de-ho,512,None,28
Helsinki-NLP/opus-mt-de-pap,512,None,28
Helsinki-NLP/opus-mt-de-pis,512,None,28
Helsinki-NLP/opus-mt-ee-de,512,None,28
Helsinki-NLP/opus-mt-en-inc,512,None,28
Helsinki-NLP/opus-mt-en-mfe,512,None,28
Helsinki-NLP/opus-mt-en-tiv,512,None,28
Helsinki-NLP/opus-mt-eo-es,512,None,28
Helsinki-NLP/opus-mt-es-nl,512,None,28
Helsinki-NLP/opus-mt-es-tpi,512,None,28
Helsinki-NLP/opus-mt-es-tzo,512,None,28
Helsinki-NLP/opus-mt-eu-de,512,None,28
Helsinki-NLP/opus-mt-fi-fse,512,None,28
Helsinki-NLP/opus-mt-fi-he,512,None,28
Helsinki-NLP/opus-mt-fi-hr,512,None,28
Helsinki-NLP/opus-mt-fi-ilo,512,None,28
Helsinki-NLP/opus-mt-fi-nl,512,None,28
Helsinki-NLP/opus-mt-fi-pon,512,None,28
Helsinki-NLP/opus-mt-fi-sw,512,None,28
Helsinki-NLP/opus-mt-fi-tiv,512,None,28
Helsinki-NLP/opus-mt-fi-tvl,512,None,28
Helsinki-NLP/opus-mt-fi-uk,512,None,28
Helsinki-NLP/opus-mt-fr-ilo,512,None,28
Helsinki-NLP/opus-mt-fr-kqn,512,None,28
Helsinki-NLP/opus-mt-fr-kwy,512,None,28
Helsinki-NLP/opus-mt-fr-mt,512,None,28
Helsinki-NLP/opus-mt-fr-nso,512,None,28
Helsinki-NLP/opus-mt-fr-rnd,512,None,28
Helsinki-NLP/opus-mt-fr-rw,512,None,28
Helsinki-NLP/opus-mt-fr-tn,512,None,28
Helsinki-NLP/opus-mt-fr-ty,512,None,28
Helsinki-NLP/opus-mt-fr-ve,512,None,28
Helsinki-NLP/opus-mt-gaa-en,512,None,28
Helsinki-NLP/opus-mt-gil-sv,512,None,28
Helsinki-NLP/opus-mt-gmw-gmw,512,None,28
Helsinki-NLP/opus-mt-hil-en,512,None,28
Helsinki-NLP/opus-mt-hu-fi,512,None,28
Helsinki-NLP/opus-mt-id-sv,512,None,28
Helsinki-NLP/opus-mt-ilo-sv,512,None,28
Helsinki-NLP/opus-mt-is-sv,512,None,28
Helsinki-NLP/opus-mt-iso-en,512,None,28
Helsinki-NLP/opus-mt-it-sv,512,None,28
Helsinki-NLP/opus-mt-ja-sv,512,None,28
Helsinki-NLP/opus-mt-kg-es,512,None,28
Helsinki-NLP/opus-mt-ln-es,512,None,28
Helsinki-NLP/opus-mt-loz-en,512,None,28
Helsinki-NLP/opus-mt-loz-es,512,None,28
Helsinki-NLP/opus-mt-lt-fr,512,None,28
Helsinki-NLP/opus-mt-lus-fr,512,None,28
Helsinki-NLP/opus-mt-ms-ms,512,None,28
Helsinki-NLP/opus-mt-pag-fi,512,None,28
Helsinki-NLP/opus-mt-pag-sv,512,None,28
Helsinki-NLP/opus-mt-pon-fr,512,None,28
Helsinki-NLP/opus-mt-rnd-fr,512,None,28
Helsinki-NLP/opus-mt-ru-hy,512,None,28
Helsinki-NLP/opus-mt-ru-sl,512,None,28
Helsinki-NLP/opus-mt-rw-sv,512,None,28
Helsinki-NLP/opus-mt-sm-es,512,None,28
Helsinki-NLP/opus-mt-sm-fr,512,None,28
Helsinki-NLP/opus-mt-srn-en,512,None,28
Helsinki-NLP/opus-mt-srn-es,512,None,28
Helsinki-NLP/opus-mt-sv-ZH,512,None,28
Helsinki-NLP/opus-mt-sv-guw,512,None,28
Helsinki-NLP/opus-mt-sv-mt,512,None,28
Helsinki-NLP/opus-mt-sv-nl,512,None,28
Helsinki-NLP/opus-mt-sv-zne,512,None,28
Helsinki-NLP/opus-mt-ts-es,512,None,28
Helsinki-NLP/opus-mt-ts-fi,512,None,28
Helsinki-NLP/opus-mt-ts-sv,512,None,28
Helsinki-NLP/opus-mt-umb-en,512,None,28
Helsinki-NLP/opus-mt-urj-en,512,None,28
Helsinki-NLP/opus-mt-wa-en,512,None,28
Helsinki-NLP/opus-mt-zls-zls,512,None,28
Helsinki-NLP/opus-mt-af-fi,512,None,27
Helsinki-NLP/opus-mt-ase-sv,512,None,27
Helsinki-NLP/opus-mt-bcl-sv,512,None,27
Helsinki-NLP/opus-mt-crs-en,512,None,27
Helsinki-NLP/opus-mt-de-eo,512,None,27
Helsinki-NLP/opus-mt-de-lua,512,None,27
Helsinki-NLP/opus-mt-de-uk,512,None,27
Helsinki-NLP/opus-mt-ee-es,512,None,27
Helsinki-NLP/opus-mt-en-cus,512,None,27
Helsinki-NLP/opus-mt-en-loz,512,None,27
Helsinki-NLP/opus-mt-en-tvl,512,None,27
Helsinki-NLP/opus-mt-eo-ru,512,None,27
Helsinki-NLP/opus-mt-eo-sh,512,None,27
Helsinki-NLP/opus-mt-es-fj,512,None,27
Helsinki-NLP/opus-mt-es-ha,512,None,27
Helsinki-NLP/opus-mt-es-sg,512,None,27
Helsinki-NLP/opus-mt-es-sn,512,None,27
Helsinki-NLP/opus-mt-et-sv,512,None,27
Helsinki-NLP/opus-mt-fi-ZH,512,None,27
Helsinki-NLP/opus-mt-fi-ht,512,None,27
Helsinki-NLP/opus-mt-fi-hu,512,None,27
Helsinki-NLP/opus-mt-fi-pis,512,None,27
Helsinki-NLP/opus-mt-fiu-fiu,512,None,27
Helsinki-NLP/opus-mt-fr-bi,512,None,27
Helsinki-NLP/opus-mt-fr-ny,512,None,27
Helsinki-NLP/opus-mt-fr-st,512,None,27
Helsinki-NLP/opus-mt-fr-tiv,512,None,27
Helsinki-NLP/opus-mt-fr-tpi,512,None,27
Helsinki-NLP/opus-mt-fr-ts,512,None,27
Helsinki-NLP/opus-mt-fr-tw,512,None,27
Helsinki-NLP/opus-mt-gmq-en,512,None,27
Helsinki-NLP/opus-mt-he-ar,512,None,27
Helsinki-NLP/opus-mt-hu-sv,512,None,27
Helsinki-NLP/opus-mt-it-eo,512,None,27
Helsinki-NLP/opus-mt-ja-vi,512,None,27
Helsinki-NLP/opus-mt-ko-de,512,None,27
Helsinki-NLP/opus-mt-kqn-fr,512,None,27
Helsinki-NLP/opus-mt-loz-de,512,None,27
Helsinki-NLP/opus-mt-lua-fi,512,None,27
Helsinki-NLP/opus-mt-luo-en,512,None,27
Helsinki-NLP/opus-mt-pag-de,512,None,27
Helsinki-NLP/opus-mt-pag-es,512,None,27
Helsinki-NLP/opus-mt-pis-fi,512,None,27
Helsinki-NLP/opus-mt-pon-fi,512,None,27
Helsinki-NLP/opus-mt-run-es,512,None,27
Helsinki-NLP/opus-mt-rw-es,512,None,27
Helsinki-NLP/opus-mt-sg-fi,512,None,27
Helsinki-NLP/opus-mt-sv-af,512,None,27
Helsinki-NLP/opus-mt-sv-lu,512,None,27
Helsinki-NLP/opus-mt-sv-lus,512,None,27
Helsinki-NLP/opus-mt-sv-ny,512,None,27
Helsinki-NLP/opus-mt-sv-pap,512,None,27
Helsinki-NLP/opus-mt-sv-wls,512,None,27
Helsinki-NLP/opus-mt-tll-es,512,None,27
Helsinki-NLP/opus-mt-tvl-fr,512,None,27
Helsinki-NLP/opus-mt-urj-urj,512,None,27
Helsinki-NLP/opus-mt-ve-en,512,None,27
Helsinki-NLP/opus-mt-wls-en,512,None,27
Tanhim/translation-En2De,512,None,27
Helsinki-NLP/opus-mt-az-es,512,None,26
Helsinki-NLP/opus-mt-bcl-es,512,None,26
Helsinki-NLP/opus-mt-be-es,512,None,26
Helsinki-NLP/opus-mt-bzs-es,512,None,26
Helsinki-NLP/opus-mt-ca-pt,512,None,26
Helsinki-NLP/opus-mt-de-ca,512,None,26
Helsinki-NLP/opus-mt-de-hu,512,None,26
Helsinki-NLP/opus-mt-de-iso,512,None,26
Helsinki-NLP/opus-mt-de-mt,512,None,26
Helsinki-NLP/opus-mt-de-pon,512,None,26
Helsinki-NLP/opus-mt-ee-sv,512,None,26
Helsinki-NLP/opus-mt-en-bat,512,None,26
Helsinki-NLP/opus-mt-en-fiu,512,None,26
Helsinki-NLP/opus-mt-en-gil,512,None,26
Helsinki-NLP/opus-mt-en-lus,512,None,26
Helsinki-NLP/opus-mt-en-phi,512,None,26
Helsinki-NLP/opus-mt-en-pqw,512,None,26
Helsinki-NLP/opus-mt-eo-nl,512,None,26
Helsinki-NLP/opus-mt-es-ber,512,None,26
Helsinki-NLP/opus-mt-es-crs,512,None,26
Helsinki-NLP/opus-mt-es-ee,512,None,26
Helsinki-NLP/opus-mt-es-gil,512,None,26
Helsinki-NLP/opus-mt-es-he,512,None,26
Helsinki-NLP/opus-mt-es-ht,512,None,26
Helsinki-NLP/opus-mt-es-ig,512,None,26
Helsinki-NLP/opus-mt-es-rn,512,None,26
Helsinki-NLP/opus-mt-es-sm,512,None,26
Helsinki-NLP/opus-mt-fi-pag,512,None,26
Helsinki-NLP/opus-mt-fr-bg,512,None,26
Helsinki-NLP/opus-mt-fr-he,512,None,26
Helsinki-NLP/opus-mt-fr-id,512,None,26
Helsinki-NLP/opus-mt-fr-ig,512,None,26
Helsinki-NLP/opus-mt-fr-kg,512,None,26
Helsinki-NLP/opus-mt-gil-en,512,None,26
Helsinki-NLP/opus-mt-ha-sv,512,None,26
Helsinki-NLP/opus-mt-ht-fr,512,None,26
Helsinki-NLP/opus-mt-hu-de,512,None,26
Helsinki-NLP/opus-mt-ig-fr,512,None,26
Helsinki-NLP/opus-mt-ilo-es,512,None,26
Helsinki-NLP/opus-mt-iso-sv,512,None,26
Helsinki-NLP/opus-mt-kg-fr,512,None,26
Helsinki-NLP/opus-mt-ko-hu,512,None,26
Helsinki-NLP/opus-mt-lg-es,512,None,26
Helsinki-NLP/opus-mt-lue-en,512,None,26
Helsinki-NLP/opus-mt-lue-es,512,None,26
Helsinki-NLP/opus-mt-nl-sv,512,None,26
Helsinki-NLP/opus-mt-no-ru,512,None,26
Helsinki-NLP/opus-mt-nso-en,512,None,26
Helsinki-NLP/opus-mt-ny-de,512,None,26
Helsinki-NLP/opus-mt-pl-lt,512,None,26
Helsinki-NLP/opus-mt-pon-sv,512,None,26
Helsinki-NLP/opus-mt-rnd-en,512,None,26
Helsinki-NLP/opus-mt-sal-en,512,None,26
Helsinki-NLP/opus-mt-sg-sv,512,None,26
Helsinki-NLP/opus-mt-sk-fi,512,None,26
Helsinki-NLP/opus-mt-sl-sv,512,None,26
Helsinki-NLP/opus-mt-sn-es,512,None,26
Helsinki-NLP/opus-mt-sq-es,512,None,26
Helsinki-NLP/opus-mt-sv-chk,512,None,26
Helsinki-NLP/opus-mt-sv-et,512,None,26
Helsinki-NLP/opus-mt-sv-hil,512,None,26
Helsinki-NLP/opus-mt-sv-ho,512,None,26
Helsinki-NLP/opus-mt-sv-iso,512,None,26
Helsinki-NLP/opus-mt-sv-ln,512,None,26
Helsinki-NLP/opus-mt-sv-lue,512,None,26
Helsinki-NLP/opus-mt-sv-no,512,None,26
Helsinki-NLP/opus-mt-sv-rnd,512,None,26
Helsinki-NLP/opus-mt-sv-swc,512,None,26
Helsinki-NLP/opus-mt-sv-ts,512,None,26
Helsinki-NLP/opus-mt-tiv-en,512,None,26
Helsinki-NLP/opus-mt-ty-fi,512,None,26
Helsinki-NLP/opus-mt-ty-fr,512,None,26
Helsinki-NLP/opus-mt-wal-en,512,None,26
Helsinki-NLP/opus-mt-yo-fi,512,None,26
Helsinki-NLP/opus-mt-zh-vi,512,None,26
Helsinki-NLP/opus-mt-zlw-zlw,512,None,26
Helsinki-NLP/opus-mt-af-fr,512,None,25
Helsinki-NLP/opus-mt-af-nl,512,None,25
Helsinki-NLP/opus-mt-af-sv,512,None,25
Helsinki-NLP/opus-mt-ase-de,512,None,25
Helsinki-NLP/opus-mt-bzs-fr,512,None,25
Helsinki-NLP/opus-mt-ceb-sv,512,None,25
Helsinki-NLP/opus-mt-chk-sv,512,None,25
Helsinki-NLP/opus-mt-crs-fi,512,None,25
Helsinki-NLP/opus-mt-de-bcl,512,None,25
Helsinki-NLP/opus-mt-de-ilo,512,None,25
Helsinki-NLP/opus-mt-de-ny,512,None,25
Helsinki-NLP/opus-mt-efi-fr,512,None,25
Helsinki-NLP/opus-mt-en-iir,512,None,25
Helsinki-NLP/opus-mt-en-map,512,None,25
Helsinki-NLP/opus-mt-eo-af,512,None,25
Helsinki-NLP/opus-mt-es-gaa,512,None,25
Helsinki-NLP/opus-mt-es-kg,512,None,25
Helsinki-NLP/opus-mt-es-st,512,None,25
Helsinki-NLP/opus-mt-es-tvl,512,None,25
Helsinki-NLP/opus-mt-fi-ceb,512,None,25
Helsinki-NLP/opus-mt-fi-fj,512,None,25
Helsinki-NLP/opus-mt-fi-ig,512,None,25
Helsinki-NLP/opus-mt-fi-iso,512,None,25
Helsinki-NLP/opus-mt-fi-mh,512,None,25
Helsinki-NLP/opus-mt-fi-ny,512,None,25
Helsinki-NLP/opus-mt-fi-run,512,None,25
Helsinki-NLP/opus-mt-fi-ve,512,None,25
Helsinki-NLP/opus-mt-fi-zne,512,None,25
Helsinki-NLP/opus-mt-fj-fr,512,None,25
Helsinki-NLP/opus-mt-fr-ase,512,None,25
Helsinki-NLP/opus-mt-fr-pag,512,None,25
Helsinki-NLP/opus-mt-gil-fi,512,None,25
Helsinki-NLP/opus-mt-guw-fi,512,None,25
Helsinki-NLP/opus-mt-he-fi,512,None,25
Helsinki-NLP/opus-mt-ht-es,512,None,25
Helsinki-NLP/opus-mt-ja-ar,512,None,25
Helsinki-NLP/opus-mt-kg-sv,512,None,25
Helsinki-NLP/opus-mt-ko-fr,512,None,25
Helsinki-NLP/opus-mt-ko-sv,512,None,25
Helsinki-NLP/opus-mt-loz-sv,512,None,25
Helsinki-NLP/opus-mt-lus-fi,512,None,25
Helsinki-NLP/opus-mt-lv-fi,512,None,25
Helsinki-NLP/opus-mt-lv-ru,512,None,25
Helsinki-NLP/opus-mt-mfe-es,512,None,25
Helsinki-NLP/opus-mt-niu-en,512,None,25
Helsinki-NLP/opus-mt-nso-fi,512,None,25
Helsinki-NLP/opus-mt-nso-fr,512,None,25
Helsinki-NLP/opus-mt-pap-fi,512,None,25
Helsinki-NLP/opus-mt-rn-de,512,None,25
Helsinki-NLP/opus-mt-srn-fr,512,None,25
Helsinki-NLP/opus-mt-sv-bem,512,None,25
Helsinki-NLP/opus-mt-sv-ee,512,None,25
Helsinki-NLP/opus-mt-sv-id,512,None,25
Helsinki-NLP/opus-mt-sv-mfe,512,None,25
Helsinki-NLP/opus-mt-sv-pon,512,None,25
Helsinki-NLP/opus-mt-sv-tw,512,None,25
Helsinki-NLP/opus-mt-sv-ty,512,None,25
Helsinki-NLP/opus-mt-sv-war,512,None,25
Helsinki-NLP/opus-mt-swc-fi,512,None,25
Helsinki-NLP/opus-mt-swc-sv,512,None,25
Helsinki-NLP/opus-mt-taw-en,512,None,25
Helsinki-NLP/opus-mt-tll-fi,512,None,25
Helsinki-NLP/opus-mt-to-sv,512,None,25
Helsinki-NLP/opus-mt-toi-fr,512,None,25
Helsinki-NLP/opus-mt-tvl-fi,512,None,25
Helsinki-NLP/opus-mt-tw-sv,512,None,25
Helsinki-NLP/opus-mt-uk-pl,512,None,25
Helsinki-NLP/opus-mt-war-fi,512,None,25
Helsinki-NLP/opus-mt-xh-sv,512,None,25
Helsinki-NLP/opus-mt-zh-nl,512,None,25
Helsinki-NLP/opus-mt-zle-en,512,None,25
Helsinki-NLP/opus-tatoeba-de-ro,512,None,25
Helsinki-NLP/opus-mt-ase-fr,512,None,24
Helsinki-NLP/opus-mt-bcl-en,512,None,24
Helsinki-NLP/opus-mt-bcl-fi,512,None,24
Helsinki-NLP/opus-mt-bem-fi,512,None,24
Helsinki-NLP/opus-mt-bem-sv,512,None,24
Helsinki-NLP/opus-mt-ber-en,512,None,24
Helsinki-NLP/opus-mt-bg-fi,512,None,24
Helsinki-NLP/opus-mt-da-ru,512,None,24
Helsinki-NLP/opus-mt-de-bg,512,None,24
Helsinki-NLP/opus-mt-en-afa,512,None,24
Helsinki-NLP/opus-mt-en-euq,512,None,24
Helsinki-NLP/opus-mt-en-poz,512,None,24
Helsinki-NLP/opus-mt-en-zle,512,None,24
Helsinki-NLP/opus-mt-eo-bg,512,None,24
Helsinki-NLP/opus-mt-eo-hu,512,None,24
Helsinki-NLP/opus-mt-es-ilo,512,None,24
Helsinki-NLP/opus-mt-es-lt,512,None,24
Helsinki-NLP/opus-mt-fi-gaa,512,None,24
Helsinki-NLP/opus-mt-fi-mt,512,None,24
Helsinki-NLP/opus-mt-fi-no,512,None,24
Helsinki-NLP/opus-mt-fi-ro,512,None,24
Helsinki-NLP/opus-mt-fi-sg,512,None,24
Helsinki-NLP/opus-mt-fi-sk,512,None,24
Helsinki-NLP/opus-mt-fi-tr,512,None,24
Helsinki-NLP/opus-mt-fr-crs,512,None,24
Helsinki-NLP/opus-mt-fr-ho,512,None,24
Helsinki-NLP/opus-mt-fr-lg,512,None,24
Helsinki-NLP/opus-mt-fr-loz,512,None,24
Helsinki-NLP/opus-mt-fr-mfe,512,None,24
Helsinki-NLP/opus-mt-gmw-en,512,None,24
Helsinki-NLP/opus-mt-guw-es,512,None,24
Helsinki-NLP/opus-mt-ha-es,512,None,24
Helsinki-NLP/opus-mt-ha-fr,512,None,24
Helsinki-NLP/opus-mt-hil-de,512,None,24
Helsinki-NLP/opus-mt-ig-fi,512,None,24
Helsinki-NLP/opus-mt-ig-sv,512,None,24
Helsinki-NLP/opus-mt-is-eo,512,None,24
Helsinki-NLP/opus-mt-iso-fr,512,None,24
Helsinki-NLP/opus-mt-ja-bg,512,None,24
Helsinki-NLP/opus-mt-ja-fi,512,None,24
Helsinki-NLP/opus-mt-ja-it,512,None,24
Helsinki-NLP/opus-mt-ka-ru,512,None,24
Helsinki-NLP/opus-mt-kqn-es,512,None,24
Helsinki-NLP/opus-mt-lv-sv,512,None,24
Helsinki-NLP/opus-mt-mh-fi,512,None,24
Helsinki-NLP/opus-mt-nl-af,512,None,24
Helsinki-NLP/opus-mt-sl-uk,512,None,24
Helsinki-NLP/opus-mt-st-es,512,None,24
Helsinki-NLP/opus-mt-st-fi,512,None,24
Helsinki-NLP/opus-mt-sv-NORWAY,512,None,24
Helsinki-NLP/opus-mt-sv-bzs,512,None,24
Helsinki-NLP/opus-mt-sv-ha,512,None,24
Helsinki-NLP/opus-mt-sv-mos,512,None,24
Helsinki-NLP/opus-mt-sv-pis,512,None,24
Helsinki-NLP/opus-mt-sv-ve,512,None,24
Helsinki-NLP/opus-mt-tiv-sv,512,None,24
Helsinki-NLP/opus-mt-tl-de,512,None,24
Helsinki-NLP/opus-mt-tll-en,512,None,24
Helsinki-NLP/opus-mt-to-es,512,None,24
Helsinki-NLP/opus-mt-to-fr,512,None,24
Helsinki-NLP/opus-mt-toi-sv,512,None,24
Helsinki-NLP/opus-mt-ts-fr,512,None,24
Helsinki-NLP/opus-mt-tvl-en,512,None,24
Helsinki-NLP/opus-mt-tvl-es,512,None,24
Helsinki-NLP/opus-mt-ty-es,512,None,24
Narrativa/mbart-large-50-finetuned-opus-pt-en-translation,200,None,24
Helsinki-NLP/opus-mt-SCANDINAVIA-SCANDINAVIA,512,None,23
Helsinki-NLP/opus-mt-bg-sv,512,None,23
Helsinki-NLP/opus-mt-de-el,512,None,23
Helsinki-NLP/opus-mt-de-ht,512,None,23
Helsinki-NLP/opus-mt-de-niu,512,None,23
Helsinki-NLP/opus-mt-en-CELTIC,512,None,23
Helsinki-NLP/opus-mt-en-cpp,512,None,23
Helsinki-NLP/opus-mt-en-mkh,512,None,23
Helsinki-NLP/opus-mt-en-pqe,512,None,23
Helsinki-NLP/opus-mt-eo-pt,512,None,23
Helsinki-NLP/opus-mt-fi-bem,512,None,23
Helsinki-NLP/opus-mt-fi-pap,512,None,23
Helsinki-NLP/opus-mt-fi-toi,512,None,23
Helsinki-NLP/opus-mt-fi-ts,512,None,23
Helsinki-NLP/opus-mt-fr-guw,512,None,23
Helsinki-NLP/opus-mt-fr-ms,512,None,23
Helsinki-NLP/opus-mt-fr-to,512,None,23
Helsinki-NLP/opus-mt-gl-pt,512,None,23
Helsinki-NLP/opus-mt-ha-fi,512,None,23
Helsinki-NLP/opus-mt-ilo-fi,512,None,23
Helsinki-NLP/opus-mt-is-fr,512,None,23
Helsinki-NLP/opus-mt-ja-pl,512,None,23
Helsinki-NLP/opus-mt-kwy-en,512,None,23
Helsinki-NLP/opus-mt-lu-fr,512,None,23
Helsinki-NLP/opus-mt-lus-es,512,None,23
Helsinki-NLP/opus-mt-no-fr,512,None,23
Helsinki-NLP/opus-mt-nyk-en,512,None,23
Helsinki-NLP/opus-mt-phi-en,512,None,23
Helsinki-NLP/opus-mt-pis-fr,512,None,23
Helsinki-NLP/opus-mt-sg-fr,512,None,23
Helsinki-NLP/opus-mt-st-sv,512,None,23
Helsinki-NLP/opus-mt-sv-ase,512,None,23
Helsinki-NLP/opus-mt-sv-ceb,512,None,23
Helsinki-NLP/opus-mt-sv-hu,512,None,23
Helsinki-NLP/opus-mt-sv-pag,512,None,23
Helsinki-NLP/opus-mt-sv-sm,512,None,23
Helsinki-NLP/opus-mt-sv-srn,512,None,23
Helsinki-NLP/opus-mt-sv-tll,512,None,23
Helsinki-NLP/opus-mt-tll-sv,512,None,23
Helsinki-NLP/opus-mt-tn-es,512,None,23
Helsinki-NLP/opus-mt-tn-sv,512,None,23
Helsinki-NLP/opus-mt-tr-sv,512,None,23
Helsinki-NLP/opus-mt-tvl-sv,512,None,23
Helsinki-NLP/opus-mt-ve-es,512,None,23
Helsinki-NLP/opus-mt-war-sv,512,None,23
Helsinki-NLP/opus-mt-xh-fr,512,None,23
Helsinki-NLP/opus-mt-alv-en,512,None,22
Helsinki-NLP/opus-mt-bem-en,512,None,22
Helsinki-NLP/opus-mt-bem-es,512,None,22
Helsinki-NLP/opus-mt-bzs-sv,512,None,22
Helsinki-NLP/opus-mt-ca-nl,512,None,22
Helsinki-NLP/opus-mt-cs-sv,512,None,22
Helsinki-NLP/opus-mt-csg-es,512,None,22
Helsinki-NLP/opus-mt-da-fi,512,None,22
Helsinki-NLP/opus-mt-de-ms,512,None,22
Helsinki-NLP/opus-mt-de-nso,512,None,22
Helsinki-NLP/opus-mt-de-tl,512,None,22
Helsinki-NLP/opus-mt-efi-sv,512,None,22
Helsinki-NLP/opus-mt-en-gmw,512,None,22
Helsinki-NLP/opus-mt-en-nic,512,None,22
Helsinki-NLP/opus-mt-en-sal,512,None,22
Helsinki-NLP/opus-mt-eo-pl,512,None,22
Helsinki-NLP/opus-mt-es-loz,512,None,22
Helsinki-NLP/opus-mt-fi-lu,512,None,22
Helsinki-NLP/opus-mt-fi-sm,512,None,22
Helsinki-NLP/opus-mt-fi-sn,512,None,22
Helsinki-NLP/opus-mt-fr-bcl,512,None,22
Helsinki-NLP/opus-mt-he-de,512,None,22
Helsinki-NLP/opus-mt-ht-sv,512,None,22
Helsinki-NLP/opus-mt-hy-ru,512,None,22
Helsinki-NLP/opus-mt-it-is,512,None,22
Helsinki-NLP/opus-mt-it-lt,512,None,22
Helsinki-NLP/opus-mt-it-uk,512,None,22
Helsinki-NLP/opus-mt-ja-da,512,None,22
Helsinki-NLP/opus-mt-lus-sv,512,None,22
Helsinki-NLP/opus-mt-lv-fr,512,None,22
Helsinki-NLP/opus-mt-mfe-en,512,None,22
Helsinki-NLP/opus-mt-no-fi,512,None,22
Helsinki-NLP/opus-mt-nso-sv,512,None,22
Helsinki-NLP/opus-mt-pag-en,512,None,22
Helsinki-NLP/opus-mt-pl-ar,512,None,22
Helsinki-NLP/opus-mt-pt-eo,512,None,22
Helsinki-NLP/opus-mt-ru-et,512,None,22
Helsinki-NLP/opus-mt-sk-sv,512,None,22
Helsinki-NLP/opus-mt-srn-sv,512,None,22
Helsinki-NLP/opus-mt-sv-gil,512,None,22
Helsinki-NLP/opus-mt-sv-hr,512,None,22
Helsinki-NLP/opus-mt-sv-ilo,512,None,22
Helsinki-NLP/opus-mt-sv-kg,512,None,22
Helsinki-NLP/opus-mt-sv-kwy,512,None,22
Helsinki-NLP/opus-mt-sv-lv,512,None,22
Helsinki-NLP/opus-mt-sv-sk,512,None,22
Helsinki-NLP/opus-mt-sv-xh,512,None,22
Helsinki-NLP/opus-mt-sv-yap,512,None,22
Helsinki-NLP/opus-mt-tn-fr,512,None,22
Helsinki-NLP/opus-mt-tr-az,512,None,22
Helsinki-NLP/opus-mt-tr-uk,512,None,22
Helsinki-NLP/opus-mt-trk-en,512,None,22
Helsinki-NLP/opus-mt-tw-fi,512,None,22
Helsinki-NLP/opus-mt-uk-nl,512,None,22
Helsinki-NLP/opus-mt-zle-zle,512,None,22
Helsinki-NLP/opus-tatoeba-en-ro,512,None,22
NYTK/translation-marianmt-en-hu,512,None,22
Helsinki-NLP/opus-mt-aav-en,512,None,21
Helsinki-NLP/opus-mt-ar-it,512,None,21
Helsinki-NLP/opus-mt-bcl-fr,512,None,21
Helsinki-NLP/opus-mt-bg-eo,512,None,21
Helsinki-NLP/opus-mt-bg-uk,512,None,21
Helsinki-NLP/opus-mt-bi-fr,512,None,21
Helsinki-NLP/opus-mt-bi-sv,512,None,21
Helsinki-NLP/opus-mt-chk-es,512,None,21
Helsinki-NLP/opus-mt-crs-fr,512,None,21
Helsinki-NLP/opus-mt-csn-es,512,None,21
Helsinki-NLP/opus-mt-de-bi,512,None,21
Helsinki-NLP/opus-mt-eo-da,512,None,21
Helsinki-NLP/opus-mt-eo-fi,512,None,21
Helsinki-NLP/opus-mt-fi-bzs,512,None,21
Helsinki-NLP/opus-mt-fi-crs,512,None,21
Helsinki-NLP/opus-mt-fi-mk,512,None,21
Helsinki-NLP/opus-mt-fi-srn,512,None,21
Helsinki-NLP/opus-mt-fi-swc,512,None,21
Helsinki-NLP/opus-mt-fi-tn,512,None,21
Helsinki-NLP/opus-mt-fi-ty,512,None,21
Helsinki-NLP/opus-mt-fr-af,512,None,21
Helsinki-NLP/opus-mt-he-eo,512,None,21
Helsinki-NLP/opus-mt-he-uk,512,None,21
Helsinki-NLP/opus-mt-hu-fr,512,None,21
Helsinki-NLP/opus-mt-ig-es,512,None,21
Helsinki-NLP/opus-mt-itc-en,512,None,21
Helsinki-NLP/opus-mt-kwn-en,512,None,21
Helsinki-NLP/opus-mt-lv-es,512,None,21
Helsinki-NLP/opus-mt-ms-it,512,None,21
Helsinki-NLP/opus-mt-mt-fr,512,None,21
Helsinki-NLP/opus-mt-no-pl,512,None,21
Helsinki-NLP/opus-mt-rn-ru,512,None,21
Helsinki-NLP/opus-mt-sh-eo,512,None,21
Helsinki-NLP/opus-mt-sn-fr,512,None,21
Helsinki-NLP/opus-mt-sv-bcl,512,None,21
Helsinki-NLP/opus-mt-sv-bg,512,None,21
Helsinki-NLP/opus-mt-sv-efi,512,None,21
Helsinki-NLP/opus-mt-sv-fj,512,None,21
Helsinki-NLP/opus-mt-sv-he,512,None,21
Helsinki-NLP/opus-mt-sv-kqn,512,None,21
Helsinki-NLP/opus-mt-sv-niu,512,None,21
Helsinki-NLP/opus-mt-sv-umb,512,None,21
Helsinki-NLP/opus-mt-tl-es,512,None,21
Helsinki-NLP/opus-mt-toi-fi,512,None,21
Helsinki-NLP/opus-mt-az-tr,512,None,20
Helsinki-NLP/opus-mt-ceb-es,512,None,20
Helsinki-NLP/opus-mt-cpf-en,512,None,20
Helsinki-NLP/opus-mt-crs-de,512,None,20
Helsinki-NLP/opus-mt-el-ar,512,None,20
Helsinki-NLP/opus-mt-en-cpf,512,None,20
Helsinki-NLP/opus-mt-eo-he,512,None,20
Helsinki-NLP/opus-mt-eo-ro,512,None,20
Helsinki-NLP/opus-mt-es-tn,512,None,20
Helsinki-NLP/opus-mt-fi-af,512,None,20
Helsinki-NLP/opus-mt-mkh-en,512,None,20
Helsinki-NLP/opus-mt-nl-ca,512,None,20
Helsinki-NLP/opus-mt-no-uk,512,None,20
Helsinki-NLP/opus-mt-pl-no,512,None,20
Helsinki-NLP/opus-mt-pqe-en,512,None,20
Helsinki-NLP/opus-mt-pt-gl,512,None,20
Helsinki-NLP/opus-mt-pt-tl,512,None,20
Helsinki-NLP/opus-mt-rn-fr,512,None,20
Helsinki-NLP/opus-mt-ru-he,512,None,20
Helsinki-NLP/opus-mt-sn-sv,512,None,20
Helsinki-NLP/opus-mt-sv-lua,512,None,20
Helsinki-NLP/opus-mt-sv-nso,512,None,20
Helsinki-NLP/opus-mt-sv-to,512,None,20
Helsinki-NLP/opus-mt-tr-eo,512,None,20
Helsinki-NLP/opus-mt-uk-tr,512,None,20
Helsinki-NLP/opus-mt-vi-fr,512,None,20
Helsinki-NLP/opus-mt-xh-es,512,None,20
Helsinki-NLP/opus-mt-zh-sv,512,None,20
Helsinki-NLP/opus-mt-art-en,512,None,19
Helsinki-NLP/opus-mt-chk-fr,512,None,19
Helsinki-NLP/opus-mt-de-crs,512,None,19
Helsinki-NLP/opus-mt-en-sit,512,None,19
Helsinki-NLP/opus-mt-fi-lus,512,None,19
Helsinki-NLP/opus-mt-fiu-en,512,None,19
Helsinki-NLP/opus-mt-fr-ceb,512,None,19
Helsinki-NLP/opus-mt-fr-tl,512,None,19
Helsinki-NLP/opus-mt-fr-vi,512,None,19
Helsinki-NLP/opus-mt-guw-fr,512,None,19
Helsinki-NLP/opus-mt-hu-eo,512,None,19
Helsinki-NLP/opus-mt-inc-en,512,None,19
Helsinki-NLP/opus-mt-ja-sh,512,None,19
Helsinki-NLP/opus-mt-lt-pl,512,None,19
Helsinki-NLP/opus-mt-lt-ru,512,None,19
Helsinki-NLP/opus-mt-ms-fr,512,None,19
Helsinki-NLP/opus-mt-nl-no,512,None,19
Helsinki-NLP/opus-mt-no-sv,512,None,19
Helsinki-NLP/opus-mt-pap-fr,512,None,19
Helsinki-NLP/opus-mt-prl-es,512,None,19
Helsinki-NLP/opus-mt-rn-es,512,None,19
Helsinki-NLP/opus-mt-ro-eo,512,None,19
Helsinki-NLP/opus-mt-sv-is,512,None,19
Helsinki-NLP/opus-mt-sv-tn,512,None,19
Helsinki-NLP/opus-mt-toi-en,512,None,19
Helsinki-NLP/opus-mt-toi-es,512,None,19
Helsinki-NLP/opus-mt-vi-ru,512,None,19
Helsinki-NLP/opus-mt-yap-sv,512,None,19
Helsinki-NLP/opus-mt-zne-fr,512,None,19
Helsinki-NLP/opus-mt-af-ru,512,None,18
Helsinki-NLP/opus-mt-ber-es,512,None,18
Helsinki-NLP/opus-mt-ca-uk,512,None,18
Helsinki-NLP/opus-mt-ccs-en,512,None,18
Helsinki-NLP/opus-mt-da-no,512,None,18
Helsinki-NLP/opus-mt-de-eu,512,None,18
Helsinki-NLP/opus-mt-en-alv,512,None,18
Helsinki-NLP/opus-mt-en-tut,512,None,18
Helsinki-NLP/opus-mt-eo-el,512,None,18
Helsinki-NLP/opus-mt-es-no,512,None,18
Helsinki-NLP/opus-mt-es-tl,512,None,18
Helsinki-NLP/opus-mt-is-it,512,None,18
Helsinki-NLP/opus-mt-ja-he,512,None,18
Helsinki-NLP/opus-mt-lt-it,512,None,18
Helsinki-NLP/opus-mt-lt-tr,512,None,18
Helsinki-NLP/opus-mt-ms-de,512,None,18
Helsinki-NLP/opus-mt-nl-uk,512,None,18
Helsinki-NLP/opus-mt-pl-eo,512,None,18
Helsinki-NLP/opus-mt-ru-sv,512,None,18
Helsinki-NLP/opus-mt-swc-es,512,None,18
Helsinki-NLP/opus-mt-swc-fr,512,None,18
Helsinki-NLP/opus-mt-uk-sl,512,None,18
Helsinki-NLP/opus-mt-bg-ru,512,None,17
Helsinki-NLP/opus-mt-cs-eo,512,None,17
Helsinki-NLP/opus-mt-da-eo,512,None,17
Helsinki-NLP/opus-mt-el-eo,512,None,17
Helsinki-NLP/opus-mt-en-aav,512,None,17
Helsinki-NLP/opus-mt-et-ru,512,None,17
Helsinki-NLP/opus-mt-fi-tll,512,None,17
Helsinki-NLP/opus-mt-fr-no,512,None,17
Helsinki-NLP/opus-mt-it-bg,512,None,17
Helsinki-NLP/opus-mt-ja-ms,512,None,17
Helsinki-NLP/opus-mt-nic-en,512,None,17
Helsinki-NLP/opus-mt-nl-eo,512,None,17
Helsinki-NLP/opus-mt-no-nl,512,None,17
Helsinki-NLP/opus-mt-ro-fi,512,None,17
Helsinki-NLP/opus-mt-ru-af,512,None,17
Helsinki-NLP/opus-mt-ru-bg,512,None,17
Helsinki-NLP/opus-mt-ru-eu,512,None,17
Helsinki-NLP/opus-mt-sv-fi,512,None,17
Helsinki-NLP/opus-mt-sv-lg,512,None,17
Helsinki-NLP/opus-mt-tl-pt,512,None,17
Helsinki-NLP/opus-mt-af-eo,512,None,16
Helsinki-NLP/opus-mt-ar-he,512,None,16
Helsinki-NLP/opus-mt-ca-it,512,None,16
Helsinki-NLP/opus-mt-cel-en,512,None,16
Helsinki-NLP/opus-mt-hu-uk,512,None,16
Helsinki-NLP/opus-mt-it-ms,512,None,16
Helsinki-NLP/opus-mt-ja-nl,512,None,16
Helsinki-NLP/opus-mt-ja-ru,512,None,16
Helsinki-NLP/opus-mt-lt-eo,512,None,16
Helsinki-NLP/opus-mt-ru-no,512,None,16
Helsinki-NLP/opus-mt-tr-lt,512,None,16
Helsinki-NLP/opus-mt-uk-cs,512,None,16
Helsinki-NLP/opus-mt-vi-eo,512,None,16
guocheng98/HelsinkiNLP-FineTuned-Legal-es-zh,512,None,16
nickmuchi/kde4-marian-finetuned-en-fr,512,None,16
sgugger/marian-finetuned-kde4-en-to-fr,512,None,16
sshleifer/opus-mt-en-he,512,None,16
Helsinki-NLP/opus-mt-cs-uk,512,None,15
Helsinki-NLP/opus-mt-euq-en,512,None,15
Helsinki-NLP/opus-mt-ru-da,512,None,15
Helsinki-NLP/opus-mt-ru-lv,512,None,15
Helsinki-NLP/opus-mt-tpi-sv,512,None,15
Helsinki-NLP/opus-mt-uk-de,512,None,15
Helsinki-NLP/opus-mt-uk-pt,512,None,15
Helsinki-NLP/opus-mt-zh-fi,512,None,15
Helsinki-NLP/opus-tatoeba-fi-en,512,None,15
Helsinki-NLP/opus-mt-bnt-en,512,None,14
Helsinki-NLP/opus-mt-he-ru,512,None,14
Helsinki-NLP/opus-mt-ja-hu,512,None,14
Helsinki-NLP/opus-mt-ja-tr,512,None,14
Helsinki-NLP/opus-mt-pl-uk,512,None,14
Helsinki-NLP/opus-mt-sem-en,512,None,14
Helsinki-NLP/opus-mt-ar-el,512,None,13
Helsinki-NLP/opus-mt-bg-tr,512,None,13
Helsinki-NLP/opus-mt-he-es,512,None,13
Helsinki-NLP/opus-mt-it-ca,512,None,13
Helsinki-NLP/opus-mt-uk-bg,512,None,13
Helsinki-NLP/opus-mt-uk-no,512,None,13
Helsinki-NLP/opus-mt-uk-sh,512,None,13
Helsinki-NLP/opus-mt-zh-bg,512,None,13
Helsinki-NLP/opus-mt-zlw-en,512,None,13
Helsinki-NLP/opus-tatoeba-fr-it,512,None,13
Jour/m2m100_418M-fr,200,None,13
seduerr/t5-small-pytorch,300,None,13
Helsinki-NLP/opus-mt-uk-it,512,None,12
Helsinki-NLP/opus-mt-zh-ms,512,None,12
Helsinki-NLP/opus-mt-zlw-fiu,512,None,12
Helsinki-NLP/opus-tatoeba-he-fr,512,None,12
Helsinki-NLP/opus-tatoeba-it-he,512,None,12
vesteinn/german-icelandic-translation,512,None,12
Helsinki-NLP/opus-mt-sh-uk,512,None,11
Helsinki-NLP/opus-mt-uk-ca,512,None,11
Helsinki-NLP/opus-mt-uk-he,512,None,11
Helsinki-NLP/opus-tatoeba-he-it,512,None,11
Helsinki-NLP/opus-mt-he-it,512,None,10
Helsinki-NLP/opus-mt-ko-ru,512,None,10
Helsinki-NLP/opus-mt-fi-eo,512,None,9
Helsinki-NLP/opus-mt-uk-hu,512,None,9
lewtun/marian-finetuned-kde4-en-to-fr,512,None,9
Helsinki-NLP/opus-mt-ja-pt,512,None,8
Helsinki-NLP/opus-tatoeba-af-ru,512,None,8
Leisa/marian-finetuned-kde4-en-to-fr,512,None,8
NDugar/m2m100_418M-fr,200,None,8
Helsinki-NLP/opus-mt-zh-he,512,None,6
sshleifer/bb3b-tok,60,None,6
cstorm125/marianmt-th-zh_cn,512,None,5
cstorm125/marianmt-zh_cn-th,512,None,5
seduerr/pai-tl,300,None,5
subham92/translation_model_by_subham,512,None,5
Ogayo/Hel-ach-en,512,None,4
mrp/marian-finetuned-kde4-en-to-fr,512,None,4
ncduy/marian-finetuned-kde4-en-to-fr,512,None,3
mbateman/marian-finetuned-kde4-en-to-fr,512,None,2
CLAck/indo-pure,512,None,1
Helsinki-NLP/opus-mt-tc-base-gmw-gmw,512,None,1
CLAck/indo-mixed,512,None,0
CLAck/khmer-pure,512,None,0
yhavinga/mt5-base-test,300,None,0
20,2
60,1
128,3
200,6
300,9
512,1370
1000,2
1024,7
